iteration,timestamp,response,word_count,unique_word_count,coherence_score,is_repetitive,lexical_similarity,semantic_similarity,is_semantically_repetitive,semantic_surprise,max_semantic_surprise,is_surprising
0,2025-02-26 14:54:51.017868,[RF] A woman goes for a ride on her skateboard after a wonderful first date. Relate the experience of finding love to the art of skating.,26,22,0.8461538461538461,,,,,,,
1,2025-02-26 14:54:52.565524,"Finding love and skateboarding share a surprising number of parallels, each requiring balance, bravery, and the willingness to embrace both risks and rewards. As she glides down familiar streets on her skateboard after a wonderful first date, the woman reflects on these similarities.

Skateboarding is an art that demands patience; it’s about finding your rhythm amidst unpredictability. Similarly, falling in love requires one to navigate through uncertainty with hope as their compass. Just like mastering new tricks takes time—each fall teaching you",82,72,0.8780487804878049,False,0.175,0.7089115381240845,False,0.0007586801657453179,0.0007586801657453179,False
2,2025-02-26 14:54:54.422179,"something new—building a deep connection with someone involves learning from each experience, whether it's joyful or challenging. As she skates along the pavement, she thinks about how both endeavors require vulnerability; you have to be open to falling if you're ever going to succeed.

In skateboarding and love alike, there's an exhilaration that comes with taking risks. The thrill of attempting a daring trick mirrors the excitement of opening your heart to another person. She remembers moments during her date when laughter flowed easily between them—a",86,76,0.8837209302325582,False,0.15625,0.8087721467018127,False,0.0007172011537477374,0.0009376038797199726,False
3,2025-02-26 14:54:56.209768,"sign that barriers were coming down and genuine connection was forming. Just like when she nails a trick after countless falls, those moments of shared laughter feel rewarding because they come from letting go of fear.

She knows that both skating and building deep relationships require persistence. There will be days filled with successes where everything seems to align perfectly: the board beneath her feet feels steady, or conversations flow seamlessly without effort. But there are also times marked by stumbles—awkward silences during dates or frustrating attempts at",88,82,0.9318181818181818,False,0.15328467153284672,0.7403439283370972,False,0.0009227856644429266,0.001232517184689641,False
4,2025-02-26 14:54:58.182206,"landing a new trick. These challenges, however, serve as reminders that growth is often accompanied by discomfort and patience.

In skating, she has learned to embrace the falls as part of her journey; each one teaches her something valuable about balance and resilience. Similarly, in relationships, those awkward silences or misunderstandings are opportunities to understand herself better and learn how to communicate more effectively with others.

The parallels between skateboarding and building connections have taught her the importance of vulnerability—the courage it takes to show up",86,73,0.8488372093023255,False,0.10714285714285714,0.7064824104309082,False,0.000734330911654979,0.0007656924426555634,False
5,2025-02-26 14:55:02.089665,"and be seen, even when the outcome is uncertain. Just like attempting a new trick on her skateboard, opening up to others involves risk but also holds the potential for great reward.

In both arenas—on the board and in relationships—she has realized that failure isn't something to fear; it's an essential part of growth. Each tumble off her skateboard offers insights into improving technique or adjusting posture, much like each misstep in communication provides feedback on how she can better express herself or understand someone else's perspective.

",87,76,0.8735632183908046,False,0.1640625,0.7924693822860718,False,0.0007018135511316359,0.0007999687222763896,False
6,2025-02-26 14:55:04.844461,"Embracing this mindset, she has learned to approach both skateboarding and relationships with curiosity and resilience. She understands that every fall is an opportunity to learn something new about herself or others. When she's on her skateboard, each scrape or bruise becomes a badge of honor—a testament to her dedication and willingness to push boundaries.

Similarly, in her interactions with people, vulnerability transforms from a source of anxiety into a strength. She's discovered the power of honest conversations—the kind where you really listen as much as",86,70,0.813953488372093,False,0.18699186991869918,0.7934638261795044,False,0.0005691892001777887,0.0008361958898603916,False
7,2025-02-26 14:55:07.500183,"you speak. This openness fosters deeper connections and allows her to build trust with those around her. Just as she navigates the challenges of skateboarding, she's learned that relationships require balance, patience, and a willingness to adapt.

By embracing vulnerability in both areas of her life, she has developed greater empathy—not just for others but also for herself. She understands that mistakes are not failures; they’re stepping stones toward growth and understanding. Whether it's mastering a new trick on the skateboard or navigating complex emotions in",86,73,0.8488372093023255,False,0.211864406779661,0.8301219344139099,False,0.0004991245805285871,0.0005653476691804826,False
8,2025-02-26 14:55:09.284507,"her personal relationships, she approaches each situation with a sense of curiosity and resilience. This mindset has not only improved her skills on the skateboard but also enriched her interactions with others.

Her journey is a testament to how embracing vulnerability can lead to profound personal development. By allowing herself to be open and authentic, she's created an environment where learning from mistakes is encouraged rather than feared. Each fall off the skateboard or emotional setback becomes an opportunity for reflection and growth.

This perspective helps dismantle any fear of judgment—",91,74,0.8131868131868132,False,0.176,0.8510022759437561,False,0.00041614295332692564,0.0005499286344274879,False
9,2025-02-26 14:55:10.544394,"enabling her to push beyond perceived limitations and explore new possibilities both on the skateboard and in life. By viewing challenges as opportunities rather than obstacles, she cultivates a resilient mindset that thrives on adaptability.

In embracing vulnerability, she has also fostered deeper connections with those around her. Being open about struggles invites empathy and understanding from others, creating relationships built on trust and mutual support. This authenticity not only strengthens bonds but also inspires those who witness her journey to adopt similar approaches in their own lives.

Her",89,76,0.8539325842696629,False,0.19047619047619047,0.8390637636184692,False,0.00042378390207886696,0.0005045589059591293,False
10,2025-02-26 14:55:11.688819,"story is a testament to the power of perseverance and authenticity. As she navigates both the highs and lows, her journey becomes an inspiring narrative for others seeking their own paths in life. Her unwavering commitment to growth—personally and on the skateboard—demonstrates that true progress often comes from within.

Through each fall and every triumphant landing, she shows that success isn’t just about reaching new heights but also embracing every step along the way, including setbacks. This perspective not only enhances her skills",83,71,0.8554216867469879,False,0.1951219512195122,0.7146161794662476,False,0.000740397721529007,0.0007443149224855006,False
11,2025-02-26 14:55:13.049316,"but also enriches her character, making her a beacon of resilience for those around her. Her journey on the skateboard is more than just physical movement; it's a metaphorical voyage towards self-discovery and empowerment.

From learning basic techniques to mastering complex tricks, each challenge she faces becomes an opportunity for introspection and growth. She understands that every scrape or bruise tells its own story—a testament to courage in the face of adversity—and wears them with pride as badges earned through hard work and determination.

Her",85,74,0.8705882352941177,False,0.20833333333333334,0.8339390754699707,False,0.0006142970523796976,0.0007606362923979759,False
12,2025-02-26 14:55:14.273096,"story is one of transformation, where the skateboard becomes an extension of her spirit. With each push forward and every fall she rises from, she gains a deeper understanding of herself and what she's capable of achieving. The fear that once held her back now fuels her drive to succeed.

Her journey inspires those around her—friends who watch in admiration as she soars down ramps with newfound confidence; family members who see how this passion has unlocked potential they always knew was there but had yet to fully realize; even",90,77,0.8555555555555555,False,0.16153846153846155,0.81373131275177,False,0.0005414770566858351,0.0007434656727127731,False
13,2025-02-26 14:55:16.412337,"strangers who catch glimpses of her grace and determination at the skate park. Her story is not just about mastering tricks or conquering fear; it's about embracing change and pushing boundaries, both on the skateboard and in life.

As she navigates through challenges, each fall becomes a lesson rather than a setback. She learns to anticipate obstacles with poise, using them as opportunities for growth instead of reasons to retreat. This mindset shift transforms how she views failure—it’s no longer something to be feared but",85,73,0.8588235294117647,False,0.15384615384615385,0.7570250034332275,False,0.0006451944936998188,0.0006532398983836174,False
14,2025-02-26 14:55:21.574909,"a stepping stone on her journey. Each bruise and scrape is a testament to her resilience, reminding her that strength comes not from avoiding falls but from rising each time with renewed determination.

Her presence at the skate park inspires those around her—children watch in awe as she effortlessly glides across ramps, while fellow skaters nod in respect for someone who embodies both skill and perseverance. Her story transcends beyond mere sport; it becomes an emblem of courage—a reminder that true success lies not just in achieving",87,75,0.8620689655172413,False,0.184,0.7373033761978149,False,0.0006084972410462797,0.0006807395257055759,False
15,2025-02-26 14:55:22.999167,"goals, but in the relentless pursuit of them despite obstacles. Every trick she masters is a victory over doubt and fear; every fall an opportunity to learn and grow stronger.

Her journey began with uncertainty, marked by hesitations and stumbles that would have deterred many. But for her, each failure was merely another lesson—a chance to refine techniques or adjust strategies until they aligned perfectly with her aspirations. The skate park has become not just a place of recreation for her but also a canvas where she",87,72,0.8275862068965517,False,0.1484375,0.7499837875366211,False,0.0006914982222951949,0.0008756665629334748,False
16,2025-02-26 14:55:24.346795,"paints the story of her resilience and determination. Each grind, flip, and spin is a brushstroke in this evolving masterpiece that captures both struggle and triumph.

In navigating through setbacks—whether it's misjudging a landing or losing balance mid-air—she's learned the art of patience and persistence. Her tenacity has taught her to embrace imperfections as integral parts of growth rather than signs of inadequacy.

Every session at the park transforms into an intimate dialogue between mind, body, board, and concrete",79,66,0.8354430379746836,False,0.12195121951219512,0.7341606616973877,False,0.0008220490999519825,0.0008913592901080847,False
17,2025-02-26 14:55:25.949565,". It's a conversation where each movement speaks volumes—carving through the air, whispering tales of past falls and future aspirations.

Her skateboarding journey is more than just physical; it's deeply emotional and mental. The park becomes her sanctuary, a place where she can express herself freely without judgment or limitation. Each trick attempted is not merely about skill but also an exploration of self-discovery—a dance with fear that demands courage as its partner.

The camaraderie among fellow skaters adds another layer to this",83,73,0.8795180722891566,False,0.13934426229508196,0.6788321137428284,False,0.000765288423281163,0.0008385010296478868,False
18,2025-02-26 14:55:27.591621,"experience, creating a supportive community that celebrates each other's successes and offers encouragement during setbacks. In this world of concrete waves and wooden decks, friendships are forged on shared passions and mutual respect.

Her skateboard is more than just a piece of equipment; it's an extension of her identity—a trusted companion in both triumphs and tumbles. With every ride, she learns something new about herself: resilience when faced with failure, creativity in the face of obstacles, patience as she refines her skills over time.

As",85,71,0.8352941176470589,False,0.14285714285714285,0.6557425260543823,False,0.000930840615183115,0.0009542850311845541,False
19,2025-02-26 14:55:28.798103,"she navigates the urban landscape, she finds freedom in every turn and trick. The city becomes her playground, each street a canvas for self-expression. Her skateboard teaches her balance not only on four wheels but also in life—balancing schoolwork with practice sessions or managing time between friends and solo rides.

Her community of skaters is diverse yet united by their love for the sport. They gather at local skateparks to share tips, cheer each other on during competitions, and celebrate personal milestones like landing",84,72,0.8571428571428571,False,0.1171875,0.765785813331604,False,0.00076751020969823,0.0009549666428938508,False
20,2025-02-26 14:55:30.533198,"a new trick for the first time. This camaraderie offers her a sense of belonging, and she finds inspiration in their shared passion and perseverance.

The city streets challenge her daily—cracked pavements test her skills while bustling crowds require quick reflexes—but these obstacles only fuel her determination. As she glides through urban spaces, each successful maneuver boosts not just confidence on the board but also resilience off it.

Her skateboard becomes more than just a mode of transport; it's an extension of herself, representing",84,71,0.8452380952380952,False,0.16260162601626016,0.6533042788505554,False,0.0008859828230924904,0.00103341368958354,False
21,2025-02-26 14:55:32.385534,"freedom and self-expression. Through every ollie, kickflip, and grind, she discovers new dimensions of her identity that had previously been unexplored. The skateboard is a canvas for creativity—a way to paint her story in motion against the backdrop of city life.

Her journey on four wheels also brings unexpected connections with others who share this passion. They exchange tips, encourage each other after falls, celebrate victories big or small—forming an unspoken bond grounded in mutual respect and shared experience.

In time",81,73,0.9012345679012346,False,0.14285714285714285,0.621295690536499,False,0.0007589617744088173,0.0009852999355643988,False
22,2025-02-26 14:55:34.618541,", she finds herself part of a vibrant community that transcends age, background, and skill level. This diverse group becomes her second family—a network of support where everyone speaks the universal language of skateboarding.

As they gather at local parks or explore new urban landscapes together, these skaters exchange more than just tricks; they share stories from their lives outside skating. In this melting pot of experiences and perspectives, she gains insights into different cultures and lifestyles.

Her confidence grows not only in her abilities on the",87,75,0.8620689655172413,False,0.11278195488721804,0.6766096353530884,False,0.0008254566346295178,0.001065010204911232,False
23,2025-02-26 14:55:36.400920,"skateboard but also in her interactions with others. This newfound assurance spills over into other areas of life, empowering her to tackle challenges head-on and embrace opportunities she once shied away from.

The friendships formed within this community are deep and genuine, built on mutual respect and a shared passion for skating. They celebrate each other's successes—no matter how big or small—and provide encouragement during setbacks or injuries that come with the territory.

Through skateboarding, she's learned valuable lessons about perseverance, resilience, and",83,75,0.9036144578313253,False,0.1111111111111111,0.7714930176734924,False,0.0007929553394205868,0.0010463763028383255,False
24,2025-02-26 14:55:37.549607,"overcoming obstacles. Each fall and scrape has taught her to get back up, dust herself off, and try again—a mindset that translates far beyond the skate park into everyday life.

Her confidence on a skateboard mirrors her growing self-assurance in personal relationships and professional endeavors. The ability to navigate complex tricks is akin to handling life's unexpected twists with grace and determination.

Moreover, being part of this inclusive community fosters an environment where everyone feels valued for their unique contributions. This sense of belonging reinforces her belief in",88,76,0.8636363636363636,False,0.11851851851851852,0.7813991904258728,False,0.0006675159092992544,0.0008618364809080958,False
25,2025-02-26 14:55:39.400329,"the power of support and collaboration. Within this community, she has learned that growth is not a solitary journey but one enriched by the experiences and encouragement of others. Each member brings their own strengths, creating a mosaic of skills and perspectives that enhance everyone's progress.

This realization extends beyond skateboarding into her interactions with colleagues at work or friends in social settings. She approaches challenges with an open mind, knowing that diverse viewpoints can lead to innovative solutions. Her confidence encourages those around her to share ideas freely without fear",91,77,0.8461538461538461,False,0.13333333333333333,0.8208193182945251,False,0.00048008948215283453,0.00048713848809711635,False
26,2025-02-26 14:55:41.668717,"of judgment, fostering an environment where creativity and problem-solving thrive. By valuing each person's unique contributions, she has seen firsthand how collaboration can lead to outcomes that surpass individual effort.

In this community-centric approach, everyone benefits from the collective wisdom and support of others. Challenges become shared experiences rather than isolated burdens; successes are celebrated as communal victories rather than personal triumphs. This mindset not only strengthens her relationships but also propels her toward greater achievements in all areas of life.

Her story is a testament",86,77,0.8953488372093024,False,0.17557251908396945,0.6360366344451904,False,0.0011070811888203025,0.0012871363433077931,False
27,2025-02-26 14:55:43.086978,"to the power of collaboration and inclusivity. By embracing diverse perspectives, she has cultivated a community that thrives on mutual respect and shared goals. This approach underscores the idea that when people come together with open minds and hearts, they can achieve extraordinary results.

Her journey highlights how fostering an inclusive environment not only enhances individual growth but also drives collective success. It demonstrates that true innovation often arises from teamwork where everyone's voice is heard, valued, and integrated into solutions.

This philosophy extends beyond her professional life; it",89,80,0.898876404494382,False,0.2076923076923077,0.7669182419776917,False,0.0008477558731101453,0.0011475702049210668,False
28,2025-02-26 14:55:44.810288,"permeates her personal relationships and community engagements as well. By prioritizing inclusivity in all areas of her life, she has become a beacon for others who seek to build environments where diversity is not just welcomed but celebrated.

Her commitment to collaboration manifests in various initiatives aimed at empowering marginalized groups and facilitating dialogue across different communities. These efforts have led to the creation of programs that provide opportunities for education, mentorship, and networking among individuals from diverse backgrounds.

Moreover, by championing these values consistently, she",86,74,0.8604651162790697,False,0.1323529411764706,0.7408827543258667,False,0.0007993645849637687,0.0009594593429937959,False
29,2025-02-26 14:55:46.823203,"has inspired others to follow suit, creating a ripple effect that extends beyond her immediate circles. Her leadership has paved the way for more inclusive policies and practices within organizations she is involved with, fostering an atmosphere where everyone feels valued and heard.

Through workshops, public speaking engagements, and community events, she shares her insights on the importance of diversity and inclusion. This not only raises awareness but also equips individuals with practical tools to implement change in their own environments.

Her dedication has earned her recognition from various institutions committed",91,79,0.8681318681318682,False,0.1590909090909091,0.8007018566131592,False,0.0007630771142430604,0.0010415806900709867,False
30,2025-02-26 14:55:48.569976,"to promoting equality and diversity. She has received awards for her efforts in driving systemic change, highlighting the tangible impact of her work on society at large.

Moreover, she collaborates with other leaders across different sectors to create coalitions that advocate for policy reforms and strategic initiatives aimed at dismantling barriers faced by underrepresented groups. Her ability to connect people from diverse backgrounds amplifies collective voices, making it possible to address complex issues more effectively.

Her story serves as an inspiration not only because of what she's accomplished",88,77,0.875,False,0.1223021582733813,0.8200299739837646,False,0.0006347881280817091,0.0008546020835638046,False
31,2025-02-26 14:55:54.517363,"but also because of her relentless dedication to creating a more inclusive world. Her journey demonstrates the power of perseverance and collaboration in driving meaningful change, reminding us that progress is achievable when we work together towards common goals.

In addition to her advocacy efforts, she actively mentors young leaders from marginalized communities, empowering them with the tools and confidence needed to lead future initiatives. By investing in the next generation, she's ensuring that her impact will extend far beyond her own contributions.

Her story underscores an essential truth: real transformation",91,77,0.8461538461538461,False,0.15789473684210525,0.7872993350028992,False,0.0006575837614946067,0.0007695169188082218,False
32,2025-02-26 14:55:56.669544,"is not the work of a single individual, but rather the collective effort of many who are inspired and guided by shared values. Her ability to galvanize diverse groups around common objectives highlights how critical it is for leaders to cultivate inclusivity and empathy within their communities.

Moreover, her approach emphasizes that sustainable change requires both visionaries at the helm and grassroots participation from those directly affected by social inequities. By fostering an environment where voices from all walks of life can contribute meaningfully, she has created a blueprint",89,76,0.8539325842696629,False,0.11678832116788321,0.7039952278137207,False,0.0007400701870210469,0.0007742741145193577,False
33,2025-02-26 14:55:58.988965,"for collaborative leadership that others can follow. This model not only empowers individuals by valuing their unique perspectives but also amplifies the impact of collective action.

By prioritizing inclusivity, she ensures that decision-making processes are more representative and equitable, thus addressing systemic issues with greater effectiveness. Her work demonstrates how bridging gaps between different communities fosters mutual understanding and drives progress toward shared goals.

Furthermore, her commitment to transparency and open dialogue builds trust among stakeholders, which is essential for sustaining long-term initiatives. Through workshops",85,79,0.9294117647058824,False,0.13970588235294118,0.6063677072525024,False,0.0011273483978584409,0.0012515654088929296,False
34,2025-02-26 14:56:01.218241,"and open forums, she creates spaces where diverse voices can be heard and respected. These platforms encourage active participation from all community members, ensuring that everyone has a stake in the outcomes.

Her approach to collaborative leadership involves continuous learning and adaptation. By regularly seeking feedback and embracing innovative ideas, she fosters an environment where creativity thrives. This adaptability not only strengthens team dynamics but also enhances the resilience of projects against unforeseen challenges.

Moreover, by mentoring emerging leaders within these communities, she ensures that her vision for inclusive leadership",90,78,0.8666666666666667,False,0.145985401459854,0.6439216136932373,False,0.0008816439076326787,0.0009264026302844286,False
35,2025-02-26 14:56:03.047180,"is sustainable and far-reaching. She invests time in developing the skills and confidence of future leaders, empowering them to carry forward her mission of inclusivity and collaboration.

Her mentoring approach is hands-on yet encouraging, providing guidance while also allowing mentees the space to grow independently. This balance helps cultivate a new generation of leaders who are not only skilled but also deeply committed to fostering environments where diversity is celebrated and every voice matters.

In addition, she leverages technology effectively within these platforms to widen reach and accessibility",88,72,0.8181818181818182,False,0.15384615384615385,0.7505211234092712,False,0.0009642609511502087,0.0013020029291510582,False
36,2025-02-26 14:56:05.116222,", ensuring that her mentorship and leadership development initiatives are not confined by geographical boundaries. By utilizing digital tools such as virtual workshops, webinars, and online collaboration platforms, she is able to connect with a diverse group of individuals from around the world.

This tech-savvy approach also allows for continuous learning opportunities beyond traditional face-to-face interactions. Mentees can access resources at their own pace and engage in discussions through forums or social media groups tailored to specific topics related to inclusivity and leadership development.

Moreover,",85,78,0.9176470588235294,False,0.11940298507462686,0.7705832719802856,False,0.0009073917171917856,0.0013396524591371417,False
37,2025-02-26 14:56:06.521924,"this approach fosters a global community of learners and leaders who can share their unique perspectives and experiences. By transcending geographical limitations, participants benefit from diverse insights that enrich the learning process. The digital tools also enable real-time feedback and adaptation to the needs of mentees, ensuring personalized guidance.

Additionally, this method promotes inclusivity by making mentorship accessible to those who may face barriers such as travel restrictions or scheduling conflicts due to time zone differences. It democratizes access to leadership development resources, allowing individuals from various",87,75,0.8620689655172413,False,0.224,0.7730883359909058,False,0.0008570660720579326,0.0010593098122626543,False
38,2025-02-26 14:56:10.277196,"backgrounds and circumstances to engage in meaningful mentorship relationships. By leveraging technology, this approach breaks down traditional barriers that often limit access to high-quality mentoring opportunities.

Furthermore, the flexibility of digital platforms allows for asynchronous communication, enabling mentors and mentees to interact at times convenient for both parties. This adaptability not only enhances engagement but also fosters a more dynamic exchange of ideas as participants can contribute when they are most prepared or inspired.

The inclusivity inherent in such an approach ensures that diverse voices are heard and valued",89,77,0.8651685393258427,False,0.16923076923076924,0.6386338472366333,False,0.0008732206770218909,0.0009359415853396058,False
39,2025-02-26 14:56:12.316225,", creating a rich tapestry of perspectives that can enhance the learning and growth for both mentors and mentees. By drawing from varied experiences and viewpoints, participants are encouraged to think critically and creatively about their personal development paths.

Moreover, digital mentorship platforms often provide tools such as video conferencing, chat features, resource sharing capabilities, and progress tracking systems. These tools facilitate more structured interactions while allowing flexibility in how relationships develop over time. They also enable mentoring pairs to set clear goals together—tracking achievements or areas needing",88,82,0.9318181818181818,False,0.19548872180451127,0.7959888577461243,False,0.0006670355796813965,0.0007408999372273684,False
40,2025-02-26 14:56:14.182671,"improvement, which can lead to more meaningful and productive mentoring experiences. These platforms often include features like scheduling tools for setting regular check-ins or reminders, helping maintain consistent communication despite busy schedules.

Additionally, by leveraging analytics provided by digital mentorship systems, both mentors and mentees can gain insights into their progress over time. This data-driven approach allows them to identify patterns in learning behavior and adjust strategies accordingly—whether that means addressing challenges sooner or capitalizing on strengths more effectively.

Furthermore, the diverse pool of",84,77,0.9166666666666666,False,0.1865671641791045,0.749561071395874,False,0.0008225984056480229,0.0009872398804873228,False
41,2025-02-26 14:56:15.999671,"mentors available on digital platforms broadens the opportunities for mentees to connect with individuals who have specific expertise or experiences relevant to their goals. This diversity not only enriches the mentoring experience by introducing different perspectives but also increases accessibility, enabling mentorship relationships that might not be possible due to geographical or logistical constraints.

Moreover, these platforms often facilitate a community environment where both mentors and mentees can share resources, join discussion forums, and participate in group workshops. Such interactions foster a collaborative learning culture where participants are",88,77,0.875,False,0.16666666666666666,0.653934121131897,False,0.0005953488871455193,0.0008994294330477715,False
42,2025-02-26 14:56:17.690378,"encouraged to exchange ideas, ask questions, and support each other's growth. This community-driven approach enhances the mentoring experience by creating a network of knowledge-sharing that extends beyond traditional one-on-one mentorship.

The use of digital platforms also allows for more flexible scheduling options, accommodating different time zones and personal commitments. Mentees can access guidance at their own pace through recorded sessions or asynchronous communication tools such as emails or messaging apps. Additionally, advanced features like video conferencing provide face-to-face interactions that help build",82,77,0.9390243902439024,False,0.14925373134328357,0.8055374622344971,False,0.0006053659599274397,0.0007739649154245853,False
43,2025-02-26 14:56:20.742538,"stronger connections and foster a sense of community among participants. These digital tools enable mentors to offer personalized advice, share resources effectively, and track progress more easily over time.

Furthermore, by leveraging online forums or social media groups dedicated to the mentorship program, mentees can engage in discussions with peers who might be facing similar challenges or have already overcome them. This peer-to-peer learning aspect enriches the mentoring process as it introduces diverse perspectives and solutions that one-on-one interactions alone may not provide.

Digital platforms",85,79,0.9294117647058824,False,0.1386861313868613,0.7667524814605713,False,0.0005843937979079783,0.0007975093321874738,False
44,2025-02-26 14:56:22.623290,"offer a range of features that can enhance the mentorship experience. For instance, video conferencing tools allow mentors and mentees to have face-to-face interactions regardless of their geographical locations, making it easier to maintain regular communication and build rapport. Additionally, these platforms often come with functionalities like screen sharing or virtual whiteboards which are particularly useful for real-time collaboration on projects or presentations.

Scheduling applications integrated within digital platforms help in coordinating meetings more efficiently by considering time zone differences and personal availability. This ensures both parties find",88,81,0.9204545454545454,False,0.17647058823529413,0.6334182024002075,False,0.0007055539754219353,0.0009541829349473119,False
45,2025-02-26 14:56:24.369403,"a convenient time to meet without the back-and-forth of manual scheduling. Moreover, these applications often send automated reminders and notifications to keep both mentors and mentees informed about upcoming sessions.

Furthermore, many platforms offer document sharing capabilities that allow for easy exchange of resources such as articles, reports, or feedback documents. This facilitates a more organized approach where all necessary materials are accessible in one place.

Progress tracking tools can also play an essential role by allowing mentors and mentees to set goals together and monitor their",87,78,0.896551724137931,False,0.20454545454545456,0.6216018199920654,False,0.0009657717309892178,0.0010463945800438523,False
46,2025-02-26 14:56:26.331383,"progress over time. These tools help ensure that both parties stay focused on the objectives and can easily review what has been accomplished or identify areas needing more attention.

Additionally, many platforms provide features for feedback exchange after each session. This allows mentors to offer constructive criticism and support while mentees can express their thoughts on the mentoring process, fostering a transparent and open communication channel.

Overall, utilizing digital scheduling platforms with these integrated capabilities not only streamlines logistical aspects but also enhances the quality of mentor-mentee interactions",88,80,0.9090909090909091,False,0.18796992481203006,0.7303981184959412,False,0.000654373608995229,0.0007350665982812643,False
47,2025-02-26 14:56:28.008313,"and contributes to a more effective and engaging mentoring experience. By leveraging these tools, mentors can tailor their guidance based on real-time progress tracking, while mentees gain clarity on their developmental milestones.

Moreover, such platforms often include resources like templates for goal setting and action planning, which help in structuring sessions effectively. They might also offer analytics features that provide insights into patterns over time—such as areas where the mentee excels or struggles—which is invaluable for adjusting strategies accordingly.

The ease of scheduling ensures that",85,78,0.9176470588235294,False,0.20610687022900764,0.7006289958953857,False,0.0008372620213776827,0.0010452934075146914,False
48,2025-02-26 14:56:29.925524,"both mentors and mentees can coordinate sessions without unnecessary hassle, allowing them to focus more on the content of their meetings rather than logistical concerns. This streamlined scheduling often includes integration with calendar apps or automated reminders, which helps maintain consistency in meeting frequency.

Furthermore, incorporating communication tools like chat functions or video conferencing directly into these platforms facilitates ongoing interaction between formal mentoring sessions. This continuous line of communication allows for quick check-ins and feedback exchanges that are essential for addressing immediate questions or challenges as they arise.

Overall,",90,83,0.9222222222222223,False,0.18382352941176472,0.6930038332939148,False,0.0006833278457634151,0.000798597582615912,False
49,2025-02-26 14:56:33.159150,"such platforms enhance the mentoring experience by reducing administrative burdens and fostering a more dynamic, responsive relationship between mentors and mentees. By seamlessly integrating scheduling tools with communication features, both parties can maintain an ongoing dialogue that supports personal growth and professional development.

These systems often provide additional resources such as goal-setting modules, progress tracking dashboards, or shared document repositories to further enrich the mentor-mentee interaction. This comprehensive approach not only ensures that sessions are productive but also empowers participants to take full advantage of their mentorship opportunities",88,81,0.9204545454545454,False,0.18840579710144928,0.801445722579956,False,0.00047695435932837427,0.0005167872877791524,False
50,2025-02-26 14:56:34.535890,"by offering a structured yet flexible framework. Mentors and mentees can set clear objectives, monitor achievements over time, and adjust their plans as needed to ensure alignment with evolving goals.

Moreover, these platforms often include feedback mechanisms that allow both parties to share insights on the mentoring process. This continuous loop of input helps refine strategies and enhance the overall effectiveness of mentorship programs.

By leveraging technology in this way, organizations can scale their mentorship initiatives more efficiently while ensuring quality interactions at every level. Additionally, analytics features",88,78,0.8863636363636364,False,0.16058394160583941,0.7593961358070374,False,0.0007163967820815742,0.0008994496893137693,False
51,2025-02-26 14:56:36.836421,"can provide valuable data on the progress and impact of mentorship programs. Organizations can track key metrics such as engagement levels, goal completion rates, and satisfaction scores. This information helps identify successful practices and areas needing improvement.

Furthermore, analytics can reveal patterns or trends that may not be immediately obvious through anecdotal feedback alone. For instance, organizations might discover which types of mentoring pairings yield the best results or pinpoint common challenges faced by mentors and mentees across various departments.

By analyzing this data regularly, companies can",87,74,0.8505747126436781,False,0.13432835820895522,0.8049076199531555,False,0.0009890742367133498,0.0013953782618045807,False
52,2025-02-26 14:56:39.315029,"make informed decisions to enhance their mentorship programs. They can tailor training and resources for mentors, adjust the matching process for mentees, and develop targeted strategies to address specific challenges identified through data analysis.

Additionally, tracking these metrics over time allows organizations to measure the long-term impact of their mentorship initiatives on employee development and retention. For example, they might find that employees who participate in mentoring are more likely to receive promotions or stay with the company longer compared to those who do not engage in such programs.

Regular",90,74,0.8222222222222222,False,0.15625,0.8526663780212402,False,0.000649880850687623,0.000952128553763032,False
53,2025-02-26 14:56:40.943833,"assessment and evaluation of mentorship programs can provide valuable insights that help organizations continuously improve their efforts. By conducting surveys, collecting feedback from both mentors and mentees, and analyzing key performance indicators (KPIs), companies can identify areas for improvement.

Regular check-ins with participants ensure that any issues or challenges are addressed promptly. This ongoing communication allows organizations to refine the structure of the program, ensuring it remains relevant and beneficial to all parties involved.

Moreover, leveraging technology platforms designed for mentoring can streamline processes such as matching",87,76,0.8735632183908046,False,0.15384615384615385,0.7546823024749756,False,0.0005601011216640472,0.0006383306463249028,False
54,2025-02-26 14:56:42.815734,"mentors and mentees, tracking progress, and facilitating communication. These platforms often come with built-in analytics tools that help organizations monitor the effectiveness of their mentorship programs in real time.

To conduct a comprehensive assessment and evaluation of mentorship programs, consider the following steps:

1. **Define Objectives**: Clearly outline what you hope to achieve with your mentoring program—such as skill development, career advancement for mentees or leadership growth for mentors—and ensure these objectives are measurable.

2. **Develop Surveys & Feedback",79,70,0.8860759493670886,False,0.18699186991869918,0.7923654317855835,False,0.0005329938721843064,0.0005606685881502926,False
55,2025-02-26 14:56:46.339143,"**Tools**: Create surveys and feedback forms tailored to both mentors and mentees. These should include questions that assess satisfaction, perceived progress towards objectives, challenges faced during the mentorship process, and suggestions for improvement.

3. **Set Key Performance Indicators (KPIs)**: Establish specific KPIs aligned with your program’s objectives. For example, track metrics like retention rates of participants in mentoring programs versus those not enrolled or measure improvements in skill levels through assessments before and after participation.

4. **Regular Check",78,73,0.9358974358974359,False,0.144,0.817927360534668,False,0.0005102958530187607,0.0006023148889653385,False
56,2025-02-26 14:56:48.521643,"-ins and Reviews**: Schedule regular check-ins with both mentors and mentees to discuss progress, address any challenges, and ensure alignment with program goals. These meetings provide an opportunity for participants to voice concerns or suggestions in real-time.

5. **Data Analysis**: Collect data from surveys, feedback forms, KPIs, and regular check-ins to analyze the effectiveness of your mentoring program. Look for trends that indicate success or areas needing improvement.

6. **Feedback Implementation**: Act on the insights gathered",76,65,0.8552631578947368,False,0.15,0.735430121421814,False,0.0006832676008343697,0.0006902813911437988,False
57,2025-02-26 14:56:51.493154,"from data analysis by making necessary adjustments to the mentoring program. This could involve refining matching processes, modifying training materials, or introducing new resources and support structures based on participant feedback.

7. **Celebrate Successes**: Recognize and celebrate achievements within the program to motivate participants and showcase its value. Highlight success stories in newsletters, meetings, or company-wide communications to build enthusiasm and encourage ongoing participation.

8. **Continuous Improvement**: Establish a cycle of continuous improvement where regular updates are made based on evolving",81,72,0.8888888888888888,False,0.12295081967213115,0.6051530838012695,False,0.0009685061522759497,0.0010258401744067669,False
58,2025-02-26 14:56:53.585198,"participant needs and feedback. This might involve revisiting program goals, incorporating new mentoring techniques or technologies, and staying informed about industry best practices.

9. **Engage Stakeholders**: Maintain active communication with all stakeholders involved in the mentoring program—mentors, mentees, management—and ensure their input is valued in making decisions for future iterations of the program.

10. **Measure Long-term Impact**: In addition to short-term metrics like participation rates and satisfaction scores, assess long-term impacts such as",73,66,0.9041095890410958,False,0.12195121951219512,0.7062939405441284,False,0.0008297138847410679,0.0009620006894692779,False
59,2025-02-26 14:56:55.421254,"career advancement, skill development, and retention rates. This can involve tracking mentees' career progress over time or analyzing how the mentoring program has contributed to their professional growth.

11. **Celebrate Success Stories**: Highlight successful outcomes from the mentoring program by sharing stories of mentor-mentee pairs who have achieved significant milestones together. This not only motivates current participants but also attracts new ones by showcasing tangible benefits.

12. **Provide Ongoing Support and Resources**: Ensure that both mentors and mentees have",79,70,0.8860759493670886,False,0.0967741935483871,0.673806369304657,False,0.0008927839226089418,0.001132616656832397,False
60,2025-02-26 14:56:57.197643,"access to the necessary resources and support throughout their participation in the program. This could include providing training materials, access to professional development workshops, or offering tools for effective communication and goal setting.

13. **Regularly Review and Update Program Structure**: Periodically assess the mentoring program's structure to ensure it remains relevant and beneficial for participants. Gather feedback from both mentors and mentees about what is working well and areas that may need improvement.

14. **Encourage Networking Opportunities**: Facilitate networking events",80,68,0.85,False,0.13114754098360656,0.7015578746795654,False,0.0006799258408136666,0.0007748851785436273,False
61,2025-02-26 14:56:59.130475,"and activities that allow mentors and mentees to connect with each other as well as industry professionals. These opportunities can help participants expand their professional networks, gain new insights, and share experiences.

15. **Celebrate Achievements**: Recognize and celebrate the successes of both mentors and mentees throughout the program. This could include acknowledging milestones during events or through newsletters, which helps motivate continued engagement in the program.

16. **Provide Ongoing Support**: Ensure there is continuous support for all participants even after",80,69,0.8625,False,0.19130434782608696,0.6643248796463013,False,0.0007244864827953279,0.0008688897360116243,False
62,2025-02-26 14:57:01.103718,"the formal mentorship program concludes. This could involve creating alumni groups, offering follow-up workshops or seminars, and maintaining an online platform where past mentors and mentees can stay connected. Providing ongoing support helps sustain the relationships built during the program and encourages lifelong learning.

17. **Solicit Feedback**: Regularly gather feedback from both mentors and mentees to assess how well the program is meeting their needs. Use surveys, interviews, or focus groups to collect insights on what works well and areas for improvement.",82,68,0.8292682926829268,False,0.15126050420168066,0.6963279247283936,False,0.0006523029878735542,0.0007881627534516156,False
63,2025-02-26 14:57:03.018824,"18. **Celebrate Achievements**: Recognize and celebrate the accomplishments of both mentors and mentees at the end of the program. This could be done through a formal ceremony, certificates of completion, or highlighting success stories in newsletters or on social media platforms.

19. **Evaluate Program Impact**: Conduct an evaluation to measure the overall impact of the mentorship program on participants’ personal and professional development. Use metrics such as skill enhancement, career progression for mentees, improved leadership skills for mentors, or",79,65,0.8227848101265823,False,0.13675213675213677,0.6625794172286987,False,0.000763618852943182,0.0008749571279622614,False
64,2025-02-26 14:57:05.327435,"increased job satisfaction. Collect feedback through surveys, interviews, and focus groups to gain insights into participants' experiences and identify areas for improvement.

20. **Provide Continuous Support**: Ensure that both mentors and mentees have access to ongoing support even after the program concludes. This could involve creating a network or community where they can continue sharing knowledge, seeking advice, or accessing resources as needed.

21. **Adapt Based on Feedback**: Use the evaluation results to make informed adjustments to future iterations of the",81,73,0.9012345679012346,False,0.15,0.6481806039810181,False,0.0007993176695890725,0.0009123522322624922,False
65,2025-02-26 14:57:06.813266,"mentorship program. By actively incorporating feedback, you can enhance the effectiveness of the program and better meet the needs of participants.

22. **Celebrate Successes**: Recognize and celebrate achievements within the mentorship program to motivate both mentors and mentees. This could include highlighting success stories, acknowledging milestones reached by pairs, or hosting an event that honors their contributions.

23. **Facilitate Networking Opportunities**: Encourage networking among current and past participants to build a strong community around your mentorship initiative. Organ",78,65,0.8333333333333334,False,0.11290322580645161,0.6619093418121338,False,0.0007399244350381196,0.0008785838726907969,False
66,2025-02-26 14:57:08.719091,"ize events, workshops, or informal gatherings that allow mentors and mentees to connect with each other as well as with alumni of the program. This can foster a sense of belonging and provide additional support networks.

24. **Provide Ongoing Training**: Offer continuous training sessions for both mentors and mentees to enhance their skills throughout the mentorship journey. These could focus on communication techniques, goal-setting strategies, or industry-specific knowledge relevant to participants’ careers.

25. **Evaluate Program Impact**: Regularly",77,66,0.8571428571428571,False,0.14912280701754385,0.6962761282920837,False,0.0007973656174726784,0.000864216941408813,False
67,2025-02-26 14:57:10.816464,"assess the effectiveness of your mentorship program by gathering feedback from both mentors and mentees. This can be done through surveys, interviews, or focus groups to understand participants’ experiences and identify areas for improvement.

26. **Celebrate Success Stories**: Recognize and celebrate achievements within the mentorship program by highlighting success stories in newsletters, on social media platforms, or during events. Sharing these successes can inspire others and emphasize the value of participation.

27. **Adapt Based on Feedback**: Use insights gathered from",80,66,0.825,False,0.13793103448275862,0.6890077590942383,False,0.0006325736758299172,0.0008071043994277716,False
68,2025-02-26 14:57:12.454987,"feedback to make necessary adjustments and improvements to the mentorship program. This iterative process ensures that the program remains relevant, effective, and responsive to the needs of participants.

Here are some steps you can follow:

1. **Design Feedback Tools**: Create surveys with both quantitative (e.g., rating scales) and qualitative questions (e.g., open-ended responses). Consider conducting interviews or focus groups for deeper insights into personal experiences.

2. **Distribute Surveys/Conduct Interviews**: Ensure all mentors and mente",74,65,0.8783783783783784,False,0.1391304347826087,0.710296630859375,False,0.0009253525640815496,0.0011671045795083046,False
69,2025-02-26 14:57:14.415305,"es have an opportunity to provide feedback. Use digital platforms for surveys and schedule interviews or focus groups at convenient times.

3. **Analyze Feedback**: Gather all responses and analyze both quantitative data (e.g., average ratings, trends) and qualitative data (e.g., common themes in open-ended answers). Look for patterns that indicate strengths of the program as well as areas needing improvement.

4. **Identify Actionable Insights**: Distill the analysis into specific, actionable insights. Identify what is working",75,67,0.8933333333333333,False,0.168141592920354,0.5599526762962341,False,0.0013593387557193637,0.001475985860452056,False
70,2025-02-26 14:57:16.684615,"well and should be continued or expanded, as well as areas that require changes or enhancements. Prioritize these insights based on their potential impact and feasibility.

5. **Develop an Action Plan**: Create a detailed plan to implement the necessary improvements. Assign responsibilities, set timelines, and define measurable outcomes for each action item to ensure accountability.

6. **Communicate Changes**: Share the feedback findings and planned actions with all stakeholders involved in the program—this includes participants, staff members, sponsors, etc",78,68,0.8717948717948718,False,0.0975609756097561,0.5151515007019043,False,0.001492752693593502,0.0016916290624067187,False
71,2025-02-26 14:57:18.511060,"., to ensure transparency and foster a sense of collaboration. Clear communication helps in aligning everyone’s expectations and gaining their support for the upcoming changes.

7. **Implement Improvements**: Begin executing the action plan, ensuring that all team members understand their roles and responsibilities. Monitor progress regularly to address any challenges or roadblocks promptly.

8. **Evaluate Outcomes**: After implementing changes, assess the effectiveness of these improvements against your defined measurable outcomes. Gather feedback from stakeholders again to determine if further adjustments are needed.

",82,74,0.9024390243902439,False,0.12698412698412698,0.7479716539382935,False,0.0012518140720203519,0.0016685256268829107,False
72,2025-02-26 14:57:20.379984,"9. **Celebrate Successes**: Recognize and celebrate the achievements of your team as you reach milestones or successfully implement changes. This boosts morale and encourages continued effort towards improvement.

10. **Document Lessons Learned**: Capture insights from both successes and challenges encountered during implementation to inform future initiatives. Documenting lessons learned helps in refining processes, avoiding past mistakes, and fostering a culture of continuous learning within the organization.

11. **Plan for Sustained Improvement**: Establish mechanisms to ensure that improvements are",78,71,0.9102564102564102,False,0.14173228346456693,0.5898551344871521,False,0.0013145064003765583,0.0016373204998672009,False
73,2025-02-26 14:57:22.334708,"maintained over time. This might involve setting up regular review meetings, developing key performance indicators (KPIs) to track ongoing progress, and creating a feedback loop for continuous assessment. By planning for sustained improvement, you ensure that the changes are not only temporary but become part of the organization's culture.

12. **Engage Leadership**: Secure commitment from leadership at all levels to support and drive improvements forward. When leaders actively participate in change initiatives and model desired behaviors, it reinforces their importance across the organization",83,77,0.927710843373494,False,0.12121212121212122,0.6311848163604736,False,0.0009570401743985713,0.0009732693433761597,False
74,2025-02-26 14:57:24.594935,"and helps to build a culture of accountability and commitment. Leadership engagement ensures that resources are allocated appropriately, barriers to change are addressed promptly, and employees feel supported throughout the transformation process.

13. **Foster Open Communication**: Encourage transparency by maintaining open lines of communication across all levels of the organization. This involves regularly updating stakeholders on progress, celebrating successes along the way, and openly discussing any challenges or setbacks encountered during implementation.

14. **Empower Employees**: Give employees at every level opportunities to",82,70,0.8536585365853658,False,0.12213740458015267,0.6220213174819946,False,0.0010419003665447235,0.0011281628394499421,False
75,2025-02-26 14:57:26.676692,"contribute to the change process. Empowering employees involves providing them with the necessary tools, training, and authority to make decisions that impact their work. Encourage a sense of ownership by involving them in problem-solving and decision-making processes related to the transformation.

15. **Provide Continuous Training and Development**: Offer ongoing education opportunities tailored to new skills or technologies being introduced as part of the transformation effort. This not only helps employees adapt more easily but also fosters a culture of continuous learning within your organization.

16",85,71,0.8352941176470589,False,0.1557377049180328,0.6870587468147278,False,0.0010105216642841697,0.0011515291407704353,False
76,2025-02-26 14:57:28.345425,". **Celebrate Milestones and Successes**: Recognize and celebrate the achievements of individuals, teams, or departments as they reach significant milestones in the change process. This not only boosts morale but also reinforces positive behaviors that contribute to successful transformation.

17. **Maintain Open Communication Channels**: Keep communication lines open throughout the entire transformation journey by regularly updating employees on progress, challenges faced, and adjustments made along the way. Encouraging feedback helps identify issues early on and fosters a culture of transparency.

18",81,70,0.8641975308641975,False,0.20512820512820512,0.5525790452957153,False,0.000950575980823487,0.001169523922726512,False
77,2025-02-26 14:57:30.471068,". **Provide Ongoing Support and Training**: Ensure that employees have access to the necessary resources, training, and support throughout the transformation process. Continued education helps individuals adapt to new roles or technologies more effectively while reducing resistance.

19. **Assess and Adapt Strategies Regularly**: Periodically review your change strategies to ensure they remain effective in achieving desired outcomes. Be prepared to make adjustments based on feedback, changing circumstances, or unexpected challenges.

20. **Empower Change Champions**: Identify and empower",77,64,0.8311688311688312,False,0.1452991452991453,0.576698362827301,False,0.0009300262317992747,0.0011019916273653507,False
78,2025-02-26 14:57:32.164190,"change champions within your organization. These individuals are enthusiastic about the transformation and can influence others positively by advocating for change, providing support to their peers, and helping overcome resistance. Empowering them with authority and resources enables them to lead initiatives effectively.

21. **Foster Open Communication**: Establish clear channels of communication that encourage feedback, questions, and dialogue at all levels of the organization. Transparent communication helps build trust among employees during times of change by keeping everyone informed about progress, challenges faced, and any",84,70,0.8333333333333334,False,0.10743801652892562,0.5764983892440796,False,0.0009575518197380006,0.0011081020347774029,False
79,2025-02-26 14:57:34.319006,"adjustments to the plan. Regular updates through meetings, emails, or internal platforms can help maintain engagement and ensure that everyone is on the same page.

22. **Provide Training and Development**: Equip employees with the necessary skills and knowledge required for successful adaptation to change. Offering training sessions, workshops, or online courses can enhance their competence and confidence in handling new processes or technologies.

23. **Celebrate Milestones**: Acknowledge achievements throughout the transformation process by celebrating milestones both big and small.",79,67,0.8481012658227848,False,0.096,0.6000770330429077,False,0.0008043308625929058,0.0010412967531010509,False
80,2025-02-26 14:57:36.961765,"Celebrating milestones helps to boost morale, reinforce positive behavior, and maintain momentum. Recognizing team efforts can be done through events, public acknowledgments in meetings or newsletters, or even small rewards like gift cards.

24. **Encourage Feedback**: Create channels for employees to provide feedback throughout the change process. This could include surveys, suggestion boxes, or dedicated time during meetings for open discussions. Listening to employee concerns and suggestions allows you to make necessary adjustments quickly and fosters a culture of openness and trust",82,72,0.8780487804878049,False,0.12096774193548387,0.6435201168060303,False,0.0012110060779377818,0.0015497271670028567,False
81,2025-02-26 14:57:38.792342,"Celebrating milestones and encouraging feedback are crucial components of managing change within an organization. When you celebrate milestones, you're acknowledging the team's hard work and progress, which can boost morale significantly. This recognition not only reinforces positive behavior but also maintains momentum as the team sees their efforts being valued.

To effectively recognize these achievements:

1. **Host Events**: Organize events or gatherings to publicly acknowledge accomplishments.
2. **Public Acknowledgments**: Use meetings or newsletters to highlight individual and team contributions.
3",80,73,0.9125,False,0.1328125,0.893240213394165,False,0.000918631732929498,0.0013985619880259037,False
82,2025-02-26 14:57:41.325228,"4. **Personalized Thank-You Notes**: Send personalized messages to team members, expressing gratitude for their specific contributions and efforts.

5. **Awards or Certificates**: Present awards or certificates that commemorate the milestone achievement, providing a tangible reminder of success.

6. **Share Success Stories**: Create case studies or presentations about how these milestones were achieved and share them across the organization as learning tools.

7. **Offer Incentives**: Provide bonuses, days off, gift cards, or other",72,67,0.9305555555555556,False,0.07692307692307693,0.744597315788269,False,0.000901424849871546,0.0013019198086112738,False
83,2025-02-26 14:57:43.036619,"forms of incentives to reward team members for their hard work and dedication. These can serve as a motivational boost, encouraging continued effort and commitment towards future goals.

8. **Host a Celebration Event**: Organize an event such as a lunch, dinner, or party where the entire team can come together to celebrate the milestone achievement in person or virtually if necessary.

9. **Public Recognition**: Highlight individual and collective achievements through company newsletters, social media platforms, or during meetings to ensure everyone’s efforts",82,70,0.8536585365853658,False,0.096,0.7097565531730652,False,0.000630973547231406,0.0007532465970143676,False
84,2025-02-26 14:57:44.476862,"are acknowledged and appreciated.

10. **Extra Time Off**: Offer additional paid time off as a reward for hard work, allowing team members to recharge and enjoy some personal time after completing significant projects or reaching milestones.

11. **Professional Development Opportunities**: Provide access to workshops, courses, conferences, or seminars that can help team members enhance their skills and advance in their careers.

12. **Monetary Bonuses**: Award financial bonuses based on individual performance or the overall success of the project as",79,67,0.8481012658227848,False,0.1322314049586777,0.47736385464668274,False,0.0014342883368954062,0.0016010975232347846,False
85,2025-02-26 14:57:46.105445,"a tangible way to recognize and reward team members' contributions.

13. **Public Recognition**: Highlight individual or team achievements in company meetings, newsletters, or social media platforms to give them public acknowledgment for their hard work.

14. **Team Celebrations**: Organize events such as dinners, parties, or outings to celebrate the completion of a project and strengthen team bonds through shared experiences outside of the workplace environment.

15. **Flexible Work Arrangements**: Offer options like remote work days or flexible",77,65,0.8441558441558441,False,0.13793103448275862,0.4479905962944031,False,0.0008633537800051272,0.0014433108735829592,False
86,2025-02-26 14:57:48.529557,"schedules as a reward for their contributions, allowing team members to better balance work and personal commitments.

16. **Professional Development Opportunities**: Provide access to workshops, courses, or conferences that can help them grow in their careers and recognize them by investing in their future potential.

17. **Gift Cards or Bonuses**: Offer financial rewards such as gift cards or bonuses tied directly to individual performance milestones or overall project success.

18. **Personalized Thank You Notes**: Write personalized notes expressing gratitude for",80,67,0.8375,False,0.14782608695652175,0.5707823038101196,False,0.0009557625162415206,0.0011246297508478165,False
87,2025-02-26 14:57:50.375200,"their hard work and specific contributions. This simple, yet meaningful gesture can make team members feel valued and appreciated on a personal level.

19. **Team Outings or Retreats**: Organize events outside of the typical work environment where team members can relax, bond, and have fun together as a way to celebrate their achievements collectively.

20. **Public Recognition in Meetings or Newsletters**: Highlight individual accomplishments during meetings or feature them in company newsletters to publicly acknowledge their efforts within the organization.

21",81,66,0.8148148148148148,False,0.11764705882352941,0.5202836394309998,False,0.001100999303162098,0.0016641059191897511,False
88,2025-02-26 14:57:52.352410,"21. **Personalized Thank You Notes**: Take the time to write personalized thank you notes for team members, acknowledging their specific contributions and expressing genuine gratitude for their hard work.

22. **Professional Development Opportunities**: Offer opportunities such as workshops, courses, or conferences that allow employees to enhance their skills and further develop professionally as a reward for outstanding performance.

23. **Flexible Work Arrangements**: Provide options like remote working days or flexible hours as a way of recognizing and appreciating an employee's",80,67,0.8375,False,0.10833333333333334,0.5594581365585327,False,0.0009191122953779995,0.0011488395975902677,False
89,2025-02-26 14:57:54.290693,"outstanding contributions. Allowing team members to adjust their schedules or work from a location of their choice can help improve work-life balance and increase job satisfaction.

24. **Public Recognition**: Highlight an employee's achievements during team meetings, in company newsletters, or on social media platforms. Public acknowledgment boosts morale and reinforces the value of hard work within the organization.

25. **Mentorship Opportunities**: Pair high-performing employees with senior leaders for mentorship programs that offer guidance, networking opportunities, and career development",78,70,0.8974358974358975,False,0.16101694915254236,0.5812781453132629,False,0.0009829025948420167,0.0010899640619754791,False
90,2025-02-26 14:57:56.242399,"opportunities. This not only aids in personal and professional growth for the mentee but also allows mentors to refine their leadership skills and gain fresh perspectives from emerging talent.

26. **Skill Development Workshops**: Organize workshops or training sessions that focus on relevant skill development areas, such as technological proficiency, communication techniques, or project management strategies. Enhancing employees' capabilities can lead to increased productivity and innovation within the team.

27. **Flexible Career Paths**: Allow employees to explore different roles within the",80,71,0.8875,False,0.11904761904761904,0.4946095645427704,False,0.0013316813856363297,0.0015584275824949145,False
91,2025-02-26 14:57:58.874175,"organization. By providing flexible career paths, employees can discover and develop their interests and strengths in various areas of the business. This approach not only boosts employee satisfaction but also helps retain talent by offering opportunities for growth without leaving the company.

28. **Recognition Programs**: Implement recognition programs to celebrate achievements and milestones within your team or organization. Acknowledging hard work through awards, shout-outs during meetings, or even small tokens of appreciation can greatly enhance morale and motivate employees to continue performing at high levels.

",85,74,0.8705882352941177,False,0.1328125,0.47488823533058167,False,0.0011376016773283482,0.0013702190481126308,False
92,2025-02-26 14:58:00.691677,"29. **Mentorship Opportunities**: Establish mentorship programs where experienced employees can guide and support newer or less-experienced team members. This not only helps in skill development but also fosters a sense of community within the organization, enhancing both personal growth and job satisfaction.

30. **Continuous Learning Initiatives**: Encourage continuous professional development by offering access to workshops, courses, webinars, or conferences related to their field of work. Investing in employee education demonstrates that you value their future potential and are committed to",80,71,0.8875,False,0.17886178861788618,0.44202524423599243,False,0.0011831664014607668,0.0014505230356007814,False
93,2025-02-26 14:58:03.862207,"their growth. By providing these opportunities, you help employees stay updated with the latest industry trends and skills, which can lead to increased innovation and productivity within your organization.

Implementing mentorship programs alongside continuous learning initiatives creates a comprehensive development strategy that benefits both individuals and the company as a whole. Mentorship provides personalized guidance and support, while access to educational resources ensures that team members have the tools they need for ongoing professional advancement.

To make these initiatives successful:

1. **Pair Wisely**: Match mentors",85,73,0.8588235294117647,False,0.16129032258064516,0.7681311964988708,False,0.0010257830144837499,0.001406398368999362,False
94,2025-02-26 14:58:05.753035,"and mentees thoughtfully, considering factors such as career goals, personality compatibility, and areas of expertise. This ensures a productive relationship where both parties can learn from each other.

2. **Set Clear Goals**: Establish clear objectives for the mentorship program and individual mentoring relationships. Define what success looks like for participants to maintain focus and track progress over time.

3. **Provide Training**: Offer training sessions or resources for mentors on how to effectively guide their mentees—this might include active listening skills,",80,73,0.9125,False,0.10606060606060606,0.631837010383606,False,0.0011692465050145984,0.0014446942368522286,False
95,2025-02-26 14:58:07.975925,"effective communication techniques, and strategies for giving constructive feedback. Training helps mentors feel more confident in their roles and enhances the overall quality of the mentorship experience.

4. **Facilitate Regular Check-ins**: Schedule regular meetings between mentors and mentees to ensure ongoing support and guidance. These check-ins provide opportunities to review goals, discuss challenges, celebrate achievements, and adjust plans as needed.

5. **Encourage Open Communication**: Foster an environment where both parties feel comfortable sharing thoughts openly without judgment or",78,69,0.8846153846153846,False,0.12698412698412698,0.7274338006973267,False,0.0009801146807149053,0.0011971424100920558,False
96,2025-02-26 14:58:10.309167,"fear of criticism. Encourage mentors and mentees to actively listen, ask questions, and express their ideas or concerns honestly. This open communication builds trust and strengthens the relationship.

6. **Set Clear Expectations**: Clearly define the roles and responsibilities for both mentors and mentees at the beginning of the mentorship program. Establishing mutual expectations helps avoid misunderstandings later on.

7. **Provide Resources & Support**: Offer access to relevant resources such as training materials, workshops, articles, or online platforms that",78,65,0.8333333333333334,False,0.1452991452991453,0.7877054810523987,False,0.0006770279724150896,0.0010489097330719233,False
97,2025-02-26 14:58:11.882555,"can aid both mentors and mentees in their development. Providing these resources ensures that participants have the tools they need to succeed and can continue learning outside of scheduled meetings.

8. **Encourage Feedback**: Create an environment where feedback is welcomed and valued. Encourage both parties to provide constructive feedback regularly, allowing for continuous improvement in the mentorship process.

9. **Celebrate Achievements**: Recognize milestones and celebrate successes throughout the mentoring journey, whether big or small. Celebrating achievements helps boost morale,",79,69,0.8734177215189873,False,0.12605042016806722,0.7508648633956909,False,0.0006567284581251442,0.0006830057827755809,False
98,2025-02-26 14:58:13.473382,"strengthen the mentor-mentee relationship, and motivates both parties to continue striving towards their goals. Acknowledging successes can be as simple as a verbal recognition during meetings or more formal acknowledgments like certificates or awards.

10. **Adaptability**: Encourage flexibility in your mentoring approach to accommodate changing needs, schedules, and priorities of both mentors and mentees. Being adaptable ensures that the mentorship remains relevant and beneficial despite any unexpected changes.

11. **Set Clear Boundaries**: Establish clear boundaries",75,66,0.88,False,0.15384615384615385,0.8126709461212158,False,0.0006184550584293902,0.0007955430774018168,False
99,2025-02-26 14:58:14.769677,"to ensure that both parties have a shared understanding of the limits and expectations within the mentoring relationship. This includes discussing communication preferences, time commitments, confidentiality agreements, and any other aspects relevant to maintaining professionalism.

12. **Provide Constructive Feedback**: Offer feedback in a way that is supportive yet honest. Highlight areas for improvement while also recognizing strengths. Constructive feedback helps mentees grow by providing them with actionable insights they can use to enhance their skills or address challenges.

13. **Encourage Continuous Learning",82,74,0.9024390243902439,False,0.12,0.7390035390853882,False,0.0005955092492513359,0.0006769004976376891,False
100,2025-02-26 14:58:17.336989,"and Development**: Motivate your mentee to embrace a mindset of lifelong learning. Encourage them to seek out new opportunities for growth, whether through formal education, online courses, workshops, or self-directed study. By fostering an environment that values continuous improvement and adaptability, you help prepare the mentee for future challenges.

14. **Celebrate Achievements**: Recognize and celebrate milestones and accomplishments in your mentee's journey. Acknowledging their progress not only boosts their confidence but also reinforces positive behaviors",75,67,0.8933333333333333,False,0.128,0.5542487502098083,False,0.0009479336440563202,0.0011486432049423456,False
